[
  {
    "name": "01/11",
    "value": 144
  },
  {
    "name": "02/11",
    "value": 19
  },
  {
    "name": "03/11",
    "value": 19434
  },
  {
    "name": "04/11",
    "value": 1934
  },
  {
    "name": "05/11",
    "value": 193
  },
  {
    "name": "06/11",
    "value": 19
  },
  {
    "name": "07/11",
    "value": 1923
  },
  {
    "name": "08/11",
    "value": 19
  },
  {
    "name": "09/11",
    "value": 19
  },
  {
    "name": "10/11",
    "value": 19
  },
  {
    "name": "11/11",
    "value": 19
  },
  {
    "name": "12/11",
    "value": 19
  },
  {
    "name": "13/11",
    "value": 219
  },
  {
    "name": "14/11",
    "value": 19
  },
  {
    "name": "15/11",
    "value": 19
  },
  {
    "name": "16/11",
    "value": 619
  },
  {
    "name": "17/11",
    "value": 419
  },
  {
    "name": "18/11",
    "value": 219
  },
  {
    "name": "19/11",
    "value": 19
  },
  {
    "name": "20/11",
    "value": 190
  },
  {
    "name": "21/11",
    "value": 109
  },
  {
    "name": "22/11",
    "value": 190
  },
  {
    "name": "23/11",
    "value": 190
  },
  {
    "name": "24/11",
    "value": 109
  },
  {
    "name": "25/11",
    "value": 129
  },
  {
    "name": "26/11",
    "value": 974
  },
  {
    "name": "27/11",
    "value": 53
  },
  {
    "name": "28/11",
    "value": 119
  },
  {
    "name": "29/11",
    "value": 819
  },
  {
    "name": "30/11",
    "value": 319
  }
]